{
  "best_model_name": "Logistic Regression",
  "metrics": {
    "Accuracy": 0.793,
    "Precision": 0.7708708705824352,
    "Recall": 0.793,
    "F1": 0.7766700256937865,
    "Predict Time (s)": 0.03198885917663574
  },
  "ngram_range": [
    1,
    2
  ],
  "max_features": 10000,
  "label_classes": [
    "Negative",
    "Neutral",
    "Positive"
  ]
}